{
    "0.0": 55.53926919062421,
    "0.5": 40.627556171501325,
    "1.0": 12.376120939025562,
    "1.5": 11.173714518073307,
    "2.0": 0.5437540650021901
}