{
    "0.0": 94.4221673016007,
    "0.5": 30.80949504915169,
    "1.0": 22.002222421169833,
    "1.5": 14.966418720243702,
    "2.0": 6.004377379669101
}